ID,Date,Product,Amount,CustomerAge,SalesRegion
-1,2025-01-08,Widge,4479.09,67.0,West
0,2025-01-03,Widget,94.97,,NorthWest
2,2025-01-14,Gadgets,3804.65,46.0,West
2,2025-01-03,Wdgt,3153.94,10.0,NorthWest
4,2025-01-09,Widget,abc,16.0,Unknown
5,2025-01-11,Gadget,3694.69,84.0,Unknown
6,2025-01-15,Widge,2890.99,74.0,SouthWest
7,2025-01-03,Widge,3568.91,6.0,East
7,2025-01-02,Gadget,1889.32,,NorthWest
9,2025-01-01,Gadget,1846.63,49.0,SouthEast
9,2025-01-16,Widgets,2221.51,,NorthWest
11,2025-01-XX,Widget,4872.4,38.0,SouthWest
12,2025-01-08,Widget,439.4,-4.0,NorthEast
13,2025-01-XX,Wdgt,3340.94,58.0,West
13,2025-01-08,Widgets,3017.49,67.0,NorthEast
15,2025-01-01,Gadget,4456.17,24.0,SouthWest
15,2025-01-08,Widget,3626.66,,East
16,2025-01-15,Widge,2847.41,62.0,NorthEast
18,2025-01-04,Widgets,1839.43,78.0,West
19,2025-01-15,Gadget,32.05,51.0,SouthWest
20,2025-01-07,Wdgt,957.95,-3.0,NorthWest
21,2025-01-05,Widge,206.28,5.0,Unknown
21,2025-01-11,Widgets,4007.59,17.0,SouthEast
23,2025-01-03,Gadget,4292.55,34.0,Unknown
23,2025-01-02,Gadgets,3441.81,32.0,Unknown
25,2025-01-05,Wdgt,4816.11,70.0,East
26,2025-01-XX,Gadgets,825.91,0.0,SouthWest
27,2025-01-13,Widge,3641.06,83.0,East
28,2025-01-10,Widge,1714.16,4.0,NorthEast
29,2025-01-01,Widgets,1243.05,67.0,NorthWest
30,2025-01-07,Widgets,4382.12,21.0,Unknown
30,2025-01-15,Gadget,70728.24,64.0,SouthEast
31,2025-01-03,Widge,3374.73,64.0,Unknown
32,2025-01-13,Widge,1581.15,81.0,East
33,2025-01-XX,Wdgt,4084.68,19.0,SouthWest
34,2025-01-06,Widget,2109.01,50.0,NorthWest
35,2025-01-16,Widget,4627.63,47.0,SouthEast
36,2025-01-15,Widgets,abc,48.0,SouthWest
37,2025-01-06,Widget,2763.69,36.0,Unknown
39,2025-01-16,Gadgets,1700.17,81.0,NorthWest
39,2025-01-04,Gadgets,572.05,-4.0,East
41,2025-01-06,Gadget,2751.02,19.0,NorthWest
42,2025-01-08,Widgets,1554.7,78.0,West
43,2025-01-11,Gadget,702.4,95.0,NorthWest
43,2025-01-11,Wdgt,4962.68,84.0,NorthEast
44,2025-01-04,Gadgets,2232.56,92.0,NorthEast
45,2025-01-03,Wdgt,3363.24,87.0,East
46,2025-01-16,Gadgets,4859.85,-3.0,Unknown
48,2025-01-07,Widget,abc,60.0,Unknown
49,2025-01-09,Widge,3145.95,91.0,SouthEast
49,2025-01-13,Gadget,73064.35,47.0,NorthEast
51,2025-01-10,Gadgets,3045.92,62.0,NorthWest
51,2025-01-12,Gadgets,1133.11,27.0,SouthWest
53,2025-01-01,Widgets,2907.93,8.0,NorthWest
54,2025-01-14,Widgets,1974.4,17.0,NorthEast
54,2025-01-14,Widge,32.72,95.0,East
55,2025-01-02,Wdgt,3916.44,43.0,SouthEast
56,2025-01-16,Widget,2835.11,51.0,Unknown
58,2025-01-08,Widget,1150.85,60.0,Unknown
59,2025-01-14,Wdgt,991.29,,NorthEast
60,2025-01-07,Widge,4186.35,93.0,SouthWest
61,2025-01-09,Widgets,4245.22,,SouthEast
61,2025-01-14,Widge,abc,13.0,West
63,2025-01-XX,Widge,abc,21.0,NorthEast
63,2025-01-16,Widge,1460.17,52.0,SouthEast
65,2025-01-02,Widgets,2690.86,89.0,West
65,2025-01-12,Gadget,4805.37,23.0,West
67,2025-01-08,Gadget,3798.59,2.0,East
68,2025-01-04,Wdgt,2951.83,70.0,SouthWest
69,2025-01-XX,Widget,2393.53,68.0,NorthWest
70,2025-01-07,Widgets,33179.64,100.0,SouthWest
71,2025-01-11,Wdgt,3264.09,2.0,NorthWest
71,2025-01-09,Widgets,4484.88,,NorthWest
73,2025-01-12,Gadget,2825.67,41.0,SouthEast
74,2025-01-14,Widge,1562.5,46.0,NorthEast
74,2025-01-04,Widget,3.77,27.0,NorthWest
75,2025-01-01,Widget,4521.24,90.0,East
76,2025-01-07,Wdgt,94.17,78.0,NorthEast
78,2025-01-12,Gadgets,4474.19,91.0,West
78,2025-01-15,Gadget,41654.7,6.0,Unknown
80,2025-01-14,Widgets,80.88,68.0,SouthEast
81,2025-01-01,Widget,3766.52,31.0,Unknown
81,2025-01-04,Gadget,168.86,48.0,NorthWest
82,2025-01-XX,Gadget,1370.07,10.0,NorthWest
83,2025-01-02,Gadgets,4611.24,6.0,SouthWest
85,2025-01-14,Widgets,4432.17,39.0,SouthEast
86,2025-01-08,Wdgt,3272.71,10.0,SouthEast
86,2025-01-06,Gadget,2771.32,44.0,East
88,2025-01-12,Wdgt,476.57,26.0,SouthWest
89,2025-01-13,Widget,3953.67,20.0,NorthEast
90,2025-01-02,Gadget,4879.07,54.0,East
91,2025-01-XX,Gadgets,1987.39,,SouthWest
92,2025-01-07,Gadgets,2362.7,22.0,Unknown
92,2025-01-09,Widgets,2277.63,51.0,NorthEast
93,2025-01-03,Widge,4260.94,62.0,SouthEast
94,2025-01-03,Widgets,2972.22,26.0,SouthWest
95,2025-01-13,Widget,4922.98,50.0,NorthEast
96,2025-01-15,Widge,3661.14,27.0,SouthWest
98,2025-01-10,Widget,3797.95,70.0,SouthEast
98,2025-01-XX,Widgets,2434.89,17.0,SouthEast
100,2025-01-09,Wdgt,1656.97,89.0,East
100,2025-01-03,Gadgets,2782.11,11.0,SouthWest
102,2025-01-13,Widge,2506.36,41.0,SouthWest
103,2025-01-XX,Gadget,4662.04,24.0,East
104,2025-01-15,Widgets,1955.49,,NorthWest
104,2025-01-05,Widgets,1321.56,75.0,NorthWest
106,2025-01-01,Gadget,535.84,36.0,NorthEast
107,2025-01-13,Widgets,4162.28,,NorthWest
108,2025-01-04,Wdgt,932.05,83.0,NorthEast
108,2025-01-XX,Widge,4936.53,14.0,East
109,2025-01-08,Widgets,4347.45,19.0,SouthWest
110,2025-01-11,Gadgets,1766.21,49.0,East
112,2025-01-05,Widge,1004.61,82.0,SouthWest
112,2025-01-02,Widgets,4823.91,36.0,Unknown
114,2025-01-13,Gadgets,4723.14,62.0,NorthWest
115,2025-01-13,Gadgets,186.88,55.0,SouthWest
116,2025-01-02,Gadget,415.98,40.0,SouthEast
116,2025-01-14,Gadget,4889.05,80.0,Unknown
117,2025-01-04,Widge,113.69,40.0,NorthWest
119,2025-01-16,Wdgt,3023.36,48.0,Unknown
119,2025-01-04,Gadget,170.98,55.0,NorthWest
121,2025-01-07,Widget,3157.16,77.0,Unknown
122,2025-01-06,Wdgt,4965.12,40.0,SouthWest
122,2025-01-15,Widget,4189.89,32.0,SouthWest
123,2025-01-07,Gadgets,2003.27,50.0,Unknown
125,2025-01-09,Widge,3963.11,76.0,NorthEast
126,2025-01-12,Widget,630.64,3.0,NorthEast
126,2025-01-15,Wdgt,2559.27,62.0,NorthEast
128,2025-01-07,Widgets,243.51,,Unknown
128,2025-01-03,Widgets,1965.97,63.0,Unknown
129,2025-01-11,Widget,3965.25,51.0,SouthWest
130,2025-01-01,Widgets,939.63,7.0,East
132,2025-01-XX,Gadgets,4091.46,74.0,NorthWest
132,2025-01-05,Wdgt,630.02,35.0,NorthEast
134,2025-01-11,Gadget,3931.63,26.0,NorthWest
135,2025-01-04,Widgets,2450.16,97.0,SouthWest
136,2025-01-13,Widge,527.21,3.0,SouthWest
137,2025-01-11,Widge,229.93,94.0,West
137,2025-01-13,Widgets,4021.36,,SouthWest
139,2025-01-13,Widgets,1138.09,58.0,East
140,2025-01-10,Widget,3025.38,39.0,East
140,2025-01-11,Widget,3969.49,55.0,West
142,2025-01-12,Widgets,1987.83,16.0,Unknown
142,2025-01-07,Widget,abc,66.0,Unknown
143,2025-01-06,Widge,1106.91,91.0,SouthWest
145,2025-01-12,Gadget,3616.84,46.0,West
146,2025-01-15,Gadget,269.98,35.0,SouthWest
146,2025-01-13,Gadget,4715.15,32.0,East
148,2025-01-05,Gadget,758.12,42.0,SouthWest
148,2025-01-12,Widget,1383.69,74.0,SouthWest
150,2025-01-16,Gadgets,abc,90.0,SouthEast
150,2025-01-03,Widgets,707.85,29.0,NorthWest
151,2025-01-13,Gadgets,2604.52,17.0,Unknown
153,2025-01-02,Wdgt,3060.35,94.0,SouthWest
154,2025-01-11,Wdgt,27682.95,33.0,Unknown
155,2025-01-09,Wdgt,3752.99,42.0,SouthWest
155,2025-01-16,Widge,3174.67,46.0,NorthWest
156,2025-01-08,Widge,4826.73,9.0,West
158,2025-01-02,Widge,abc,,SouthWest
159,2025-01-10,Widget,3683.18,43.0,NorthEast
160,2025-01-08,Wdgt,2175.74,72.0,Unknown
160,2025-01-07,Wdgt,3941.81,62.0,West
162,2025-01-04,Widget,4693.58,34.0,NorthWest
162,2025-01-11,Gadgets,1079.32,-1.0,Unknown
163,2025-01-11,Gadget,951.25,21.0,SouthEast
165,2025-01-14,Widget,4664.79,33.0,NorthWest
165,2025-01-04,Widgets,3659.09,39.0,NorthEast
167,2025-01-15,Widge,4382.9,7.0,NorthWest
167,2025-01-10,Gadgets,3323.99,27.0,East
169,2025-01-05,Gadgets,1907.57,94.0,West
169,2025-01-04,Widge,2385.62,35.0,West
171,2025-01-01,Gadget,1287.63,45.0,East
171,2025-01-04,Widget,3872.42,99.0,East
173,2025-01-05,Gadget,4680.5,78.0,NorthWest
174,2025-01-03,Wdgt,716.5,79.0,East
174,2025-01-10,Widge,4402.36,57.0,SouthWest
176,2025-01-16,Widgets,abc,20.0,West
177,2025-01-12,Wdgt,1447.61,53.0,NorthEast
178,2025-01-02,Widge,abc,95.0,SouthWest
179,2025-01-08,Gadgets,2045.34,56.0,NorthEast
179,2025-01-02,Widgets,2111.8,3.0,NorthWest
180,2025-01-16,Widge,186.68,,Unknown
182,2025-01-08,Wdgt,1304.32,25.0,SouthWest
182,2025-01-12,Widgets,2584.85,86.0,SouthEast
184,2025-01-10,Widge,4550.52,5.0,NorthEast
184,2025-01-01,Widgets,abc,61.0,East
186,2025-01-09,Widget,1507.21,20.0,NorthWest
187,2025-01-09,Gadget,2150.24,-3.0,NorthEast
187,2025-01-09,Widgets,3015.1,72.0,SouthEast
188,2025-01-XX,Widgets,4209.77,54.0,SouthWest
189,2025-01-13,Widget,1288.16,29.0,NorthEast
190,2025-01-12,Wdgt,1576.4,,East
191,2025-01-01,Widget,2793.69,26.0,SouthWest
193,2025-01-13,Gadget,3916.06,92.0,Unknown
193,2025-01-01,Widgets,4588.78,45.0,NorthWest
195,2025-01-XX,Gadget,871.24,61.0,East
195,2025-01-01,Widge,1651.5,37.0,West
196,2025-01-14,Gadgets,3220.21,91.0,SouthEast
198,2025-01-05,Widget,2805.93,7.0,NorthEast
199,2025-01-11,Gadget,3410.89,100.0,West
200,2025-01-02,Widgets,2836.95,18.0,West
200,2025-01-07,Widgets,12746.15,,SouthWest
201,2025-01-10,Widge,4965.65,91.0,West
203,2025-01-16,Wdgt,3780.86,38.0,Unknown
204,2025-01-13,Widgets,574.38,80.0,East
205,2025-01-06,Gadgets,998.14,75.0,Unknown
206,2025-01-06,Widge,3244.53,86.0,West
207,2025-01-15,Gadgets,3964.96,46.0,NorthWest
208,2025-01-08,Widge,382.75,,West
209,2025-01-11,Gadgets,1901.44,38.0,SouthWest
209,2025-01-09,Widgets,358.58,77.0,NorthEast
211,2025-01-15,Widget,1659.91,60.0,Unknown
211,2025-01-03,Wdgt,4163.99,59.0,NorthEast
212,2025-01-14,Widget,2809.62,7.0,SouthEast
214,2025-01-XX,Widge,4878.53,34.0,NorthWest
215,2025-01-01,Widge,4454.83,66.0,Unknown
216,2025-01-16,Gadget,2493.87,72.0,West
217,2025-01-11,Widget,2158.86,27.0,NorthWest
217,2025-01-04,Widge,4082.81,2.0,SouthEast
218,2025-01-06,Wdgt,85843.69,,NorthEast
219,2025-01-07,Widge,2731.06,33.0,NorthWest
220,2025-01-10,Widget,466.6,20.0,NorthWest
222,2025-01-15,Widge,3179.55,66.0,SouthWest
222,2025-01-14,Widge,4205.44,40.0,Unknown
224,2025-01-08,Gadget,4499.06,-4.0,NorthEast
225,2025-01-13,Widgets,1844.08,-4.0,West
225,2025-01-01,Gadgets,4560.08,87.0,West
226,2025-01-07,Gadgets,29068.7,75.0,East
227,2025-01-13,Wdgt,748.46,86.0,West
229,2025-01-14,Wdgt,2314.97,65.0,NorthEast
229,2025-01-10,Wdgt,4505.13,,East
230,2025-01-10,Widge,779.6,97.0,NorthWest
231,2025-01-02,Widgets,1702.85,92.0,West
232,2025-01-16,Gadget,2929.58,24.0,East
234,2025-01-01,Widge,211.96,82.0,SouthWest
234,2025-01-05,Wdgt,3497.76,63.0,West
236,2025-01-05,Widge,2131.83,59.0,SouthWest
236,2025-01-16,Widge,859.23,25.0,NorthWest
237,2025-01-10,Widge,4091.84,16.0,West
238,2025-01-16,Wdgt,2751.77,2.0,West
240,2025-01-05,Widget,3939.32,50.0,East
241,2025-01-10,Widget,1645.75,,West
241,2025-01-08,Widgets,3500.78,,NorthEast
242,2025-01-16,Widget,3516.99,41.0,Unknown
244,2025-01-12,Gadgets,1938.46,93.0,SouthWest
244,2025-01-06,Wdgt,50.57,,Unknown
246,2025-01-06,Wdgt,1966.55,25.0,SouthWest
246,2025-01-02,Wdgt,71386.06,71.0,Unknown
248,2025-01-08,Widge,4155.7,23.0,SouthWest
248,2025-01-07,Wdgt,2941.78,,SouthWest
250,2025-01-06,Gadget,1002.69,37.0,East
250,2025-01-XX,Widget,4606.06,12.0,SouthEast
251,2025-01-02,Wdgt,3129.89,53.0,East
253,2025-01-09,Widgets,3413.17,58.0,West
253,2025-01-04,Widget,799.3,84.0,NorthWest
255,2025-01-06,Widget,427.44,,SouthEast
256,2025-01-14,Gadget,2175.87,83.0,West
256,2025-01-XX,Gadget,3573.78,26.0,SouthEast
258,2025-01-16,Gadget,122.68,,West
258,2025-01-01,Gadgets,2576.74,35.0,Unknown
260,2025-01-02,Gadget,4972.49,40.0,SouthWest
261,2025-01-XX,Widgets,3725.68,96.0,SouthWest
261,2025-01-06,Widge,541.76,88.0,NorthEast
263,2025-01-09,Wdgt,3174.91,20.0,NorthWest
263,2025-01-02,Wdgt,11997.23,43.0,East
264,2025-01-13,Widge,1418.12,93.0,SouthWest
265,2025-01-15,Gadget,831.58,40.0,NorthEast
267,2025-01-08,Widgets,2139.49,,NorthWest
268,2025-01-15,Wdgt,1060.19,99.0,East
269,2025-01-XX,Widge,1785.73,34.0,West
270,2025-01-09,Gadget,991.52,14.0,SouthWest
270,2025-01-XX,Wdgt,1238.38,67.0,SouthWest
272,2025-01-12,Widget,3976.2,91.0,East
272,2025-01-09,Wdgt,84.92,74.0,SouthEast
273,2025-01-08,Gadgets,95190.76,64.0,SouthEast
275,2025-01-09,Widge,2219.9,61.0,Unknown
275,2025-01-10,Widget,385.04,17.0,NorthWest
276,2025-01-08,Widget,180.33,34.0,West
277,2025-01-03,Widgets,1149.57,12.0,NorthEast
279,2025-01-04,Widge,3910.68,32.0,SouthEast
279,2025-01-07,Widget,4528.55,20.0,SouthWest
280,2025-01-09,Gadget,abc,-2.0,SouthEast
281,2025-01-04,Widgets,906.37,44.0,NorthEast
282,2025-01-05,Widge,1663.74,15.0,SouthWest
284,2025-01-10,Wdgt,1094.18,62.0,West
284,2025-01-06,Widget,1029.34,8.0,NorthEast
286,2025-01-02,Gadget,abc,17.0,NorthEast
286,2025-01-08,Widgets,3136.56,23.0,East
288,2025-01-14,Widge,4415.27,38.0,West
289,2025-01-12,Gadgets,1007.18,75.0,NorthWest
289,2025-01-11,Gadgets,76.42,1.0,SouthWest
290,2025-01-13,Wdgt,2626.58,1.0,SouthEast
292,2025-01-15,Gadgets,4031.78,,West
292,2025-01-XX,Widgets,3411.23,35.0,East
294,2025-01-04,Gadget,3230.5,80.0,East
295,2025-01-04,Gadget,2354.16,89.0,Unknown
296,2025-01-06,Wdgt,1338.6,54.0,Unknown
296,2025-01-13,Widge,4143.04,47.0,East
297,2025-01-10,Wdgt,4375.74,45.0,East
299,2025-01-XX,Widgets,1317.78,86.0,Unknown
300,2025-01-14,Widge,316.85,,NorthWest
300,2025-01-XX,Widgets,3215.74,1.0,NorthEast
301,2025-01-14,Wdgt,176.76,68.0,East
302,2025-01-03,Gadgets,414.39,15.0,SouthEast
303,2025-01-06,Widgets,3583.39,53.0,West
305,2025-01-09,Gadgets,1604.15,82.0,NorthWest
306,2025-01-06,Widget,2478.52,,SouthWest
306,2025-01-09,Wdgt,439.2,67.0,East
308,2025-01-03,Gadget,abc,8.0,NorthEast
309,2025-01-10,Gadgets,1534.38,42.0,SouthWest
310,2025-01-04,Widge,900.42,38.0,Unknown
311,2025-01-08,Gadget,1512.31,30.0,SouthEast
311,2025-01-13,Wdgt,1622.98,,West
312,2025-01-05,Gadgets,638.21,41.0,Unknown
313,2025-01-13,Gadget,58728.26,77.0,East
315,2025-01-07,Gadget,757.5,18.0,NorthWest
316,2025-01-01,Wdgt,2948.01,47.0,SouthEast
317,2025-01-11,Gadgets,2301.16,48.0,SouthEast
318,2025-01-05,Wdgt,4797.88,39.0,SouthEast
319,2025-01-12,Gadget,2953.98,77.0,NorthEast
319,2025-01-02,Widge,3033.47,14.0,SouthEast
320,2025-01-12,Gadget,abc,38.0,Unknown
321,2025-01-06,Gadget,657.97,54.0,East
322,2025-01-13,Gadgets,3774.91,-2.0,NorthWest
324,2025-01-06,Gadgets,3135.25,93.0,East
324,2025-01-07,Gadgets,80035.33,91.0,East
325,2025-01-11,Widget,1441.27,26.0,Unknown
326,2025-01-08,Widgets,2709.92,77.0,NorthWest
327,2025-01-16,Widget,2144.56,63.0,NorthEast
328,2025-01-13,Gadget,367.7,58.0,West
329,2025-01-12,Widgets,4940.47,50.0,NorthEast
330,2025-01-09,Widge,1275.85,13.0,West
332,2025-01-09,Gadget,1171.2,33.0,West
333,2025-01-06,Widget,41.35,88.0,Unknown
334,2025-01-09,Widget,910.09,93.0,NorthEast
335,2025-01-10,Gadgets,3291.35,73.0,SouthEast
336,2025-01-06,Widget,1630.89,2.0,Unknown
337,2025-01-07,Gadget,2813.0,6.0,SouthWest
338,2025-01-03,Widge,46531.34,,SouthWest
338,2025-01-02,Widge,1205.66,,SouthWest
340,2025-01-14,Wdgt,4509.89,90.0,NorthEast
340,2025-01-07,Widget,4522.1,78.0,SouthEast
341,2025-01-13,Widge,1671.17,,West
343,2025-01-16,Gadgets,3188.06,0.0,Unknown
343,2025-01-09,Gadgets,4540.16,66.0,NorthEast
344,2025-01-16,Widge,abc,11.0,East
345,2025-01-05,Gadget,2007.59,89.0,NorthEast
346,2025-01-05,Widgets,607.64,19.0,East
347,2025-01-11,Widget,75876.39,23.0,Unknown
349,2025-01-16,Widgets,1803.38,9.0,West
350,2025-01-07,Gadgets,895.51,19.0,SouthEast
350,2025-01-11,Widge,2805.68,76.0,NorthEast
352,2025-01-07,Gadgets,4394.59,44.0,SouthEast
352,2025-01-XX,Gadget,4548.01,96.0,NorthEast
354,2025-01-02,Wdgt,4909.32,94.0,West
354,2025-01-04,Widget,196.06,34.0,Unknown
356,2025-01-16,Gadgets,4783.59,25.0,SouthEast
356,2025-01-04,Wdgt,1618.28,14.0,West
357,2025-01-10,Gadgets,1251.15,58.0,East
359,2025-01-06,Widge,749.93,95.0,West
360,2025-01-XX,Widgets,733.57,40.0,NorthWest
360,2025-01-01,Widget,3841.0,46.0,West
361,2025-01-14,Widgets,3512.9,81.0,West
362,2025-01-11,Widge,2502.81,21.0,NorthEast
363,2025-01-07,Widget,3892.46,53.0,East
364,2025-01-11,Wdgt,2123.84,67.0,West
365,2025-01-09,Widgets,4892.66,39.0,SouthEast
367,2025-01-13,Widget,abc,97.0,East
368,2025-01-14,Widge,3359.67,65.0,Unknown
369,2025-01-16,Widge,1890.26,,NorthWest
370,2025-01-10,Widgets,4247.41,50.0,East
371,2025-01-13,Wdgt,1051.1,18.0,NorthWest
371,2025-01-13,Widgets,4513.11,100.0,NorthWest
372,2025-01-06,Gadgets,2662.9,11.0,Unknown
374,2025-01-10,Widget,1210.27,32.0,NorthWest
375,2025-01-05,Widge,1410.56,70.0,East
375,2025-01-16,Gadgets,2182.95,37.0,East
377,2025-01-10,Widgets,abc,42.0,NorthEast
377,2025-01-07,Widget,1299.11,36.0,NorthEast
379,2025-01-06,Gadget,3846.97,31.0,East
380,2025-01-16,Widget,2755.35,31.0,NorthWest
380,2025-01-07,Widget,527.85,91.0,West
382,2025-01-08,Widget,1782.27,56.0,West
382,2025-01-16,Widgets,4739.85,96.0,SouthWest
383,2025-01-15,Widge,3237.66,6.0,East
385,2025-01-07,Widge,4860.46,66.0,Unknown
386,2025-01-04,Gadget,abc,60.0,SouthWest
387,2025-01-02,Gadgets,1608.66,77.0,SouthEast
387,2025-01-10,Widgets,2747.75,17.0,SouthEast
388,2025-01-15,Gadgets,414.2,63.0,SouthEast
389,2025-01-04,Gadget,4212.34,2.0,NorthEast
390,2025-01-16,Wdgt,1856.76,66.0,West
392,2025-01-01,Widget,464.56,89.0,NorthEast
392,2025-01-05,Widget,2392.8,91.0,SouthEast
393,2025-01-04,Wdgt,4679.45,44.0,SouthEast
395,2025-01-XX,Gadgets,1365.92,43.0,NorthEast
395,2025-01-06,Gadgets,75487.09,74.0,SouthWest
396,2025-01-16,Gadgets,1889.54,77.0,NorthEast
398,2025-01-04,Wdgt,2118.45,-3.0,SouthWest
399,2025-01-09,Gadgets,abc,35.0,NorthEast
400,2025-01-16,Widgets,568.21,16.0,Unknown
400,2025-01-04,Wdgt,2984.53,21.0,West
402,2025-01-02,Widge,432.23,93.0,East
402,2025-01-03,Widgets,1737.4,52.0,West
403,2025-01-13,Widge,3960.2,74.0,NorthWest
405,2025-01-02,Gadget,4775.8,36.0,East
405,2025-01-05,Widgets,6100.24,,NorthEast
406,2025-01-02,Wdgt,2506.49,82.0,SouthWest
408,2025-01-03,Widget,977.66,4.0,West
409,2025-01-12,Widge,786.89,,Unknown
410,2025-01-01,Gadget,1469.52,41.0,SouthEast
410,2025-01-16,Gadgets,2902.35,90.0,NorthWest
412,2025-01-04,Widgets,3928.11,65.0,SouthEast
412,2025-01-10,Wdgt,3312.86,83.0,East
413,2025-01-03,Widget,44651.86,78.0,SouthEast
415,2025-01-10,Widgets,4349.65,30.0,NorthEast
415,2025-01-11,Widge,4115.52,13.0,NorthEast
417,2025-01-15,Widget,3863.49,26.0,NorthWest
418,2025-01-14,Gadgets,189.66,,Unknown
419,2025-01-15,Widge,1514.72,97.0,Unknown
419,2025-01-08,Gadget,635.3,81.0,West
420,2025-01-16,Gadgets,abc,,SouthEast
422,2025-01-13,Widge,1700.87,25.0,NorthWest
422,2025-01-12,Wdgt,572.82,87.0,SouthWest
424,2025-01-15,Gadgets,2509.34,54.0,NorthEast
425,2025-01-09,Wdgt,1122.03,43.0,NorthEast
426,2025-01-09,Widge,1793.57,18.0,West
426,2025-01-13,Wdgt,2001.22,46.0,NorthWest
428,2025-01-12,Widget,1724.77,76.0,NorthEast
428,2025-01-02,Wdgt,1287.89,14.0,NorthEast
430,2025-01-09,Widge,166.95,,Unknown
430,2025-01-12,Widge,2782.06,78.0,NorthEast
432,2025-01-XX,Wdgt,98662.85,17.0,NorthWest
433,2025-01-14,Gadgets,80259.84,5.0,West
433,2025-01-10,Widgets,2431.29,24.0,SouthWest
435,2025-01-05,Wdgt,4588.19,68.0,East
435,2025-01-03,Widgets,2686.61,,NorthEast
437,2025-01-14,Gadgets,abc,72.0,East
437,2025-01-01,Gadgets,644.85,96.0,SouthEast
439,2025-01-16,Gadget,2737.13,62.0,East
439,2025-01-12,Widgets,2494.84,32.0,Unknown
441,2025-01-09,Wdgt,1436.15,21.0,SouthEast
442,2025-01-10,Widgets,182.32,84.0,West
443,2025-01-05,Widge,4932.99,76.0,NorthEast
443,2025-01-09,Widgets,3631.21,72.0,Unknown
444,2025-01-10,Widge,1536.89,56.0,SouthEast
445,2025-01-04,Widge,3217.75,97.0,NorthEast
447,2025-01-08,Wdgt,4089.24,80.0,Unknown
448,2025-01-03,Widgets,3640.5,84.0,West
449,2025-01-02,Gadget,1369.76,74.0,West
450,2025-01-06,Widge,4935.95,0.0,NorthEast
450,2025-01-10,Widge,3138.14,51.0,SouthEast
452,2025-01-06,Gadgets,1734.28,94.0,NorthWest
453,2025-01-13,Gadget,4350.1,100.0,East
453,2025-01-10,Gadgets,81239.16,78.0,Unknown
454,2025-01-13,Widget,2377.54,63.0,NorthWest
455,2025-01-03,Wdgt,3075.96,,Unknown
457,2025-01-12,Gadget,104.08,40.0,Unknown
458,2025-01-14,Widge,1462.79,66.0,SouthEast
459,2025-01-09,Widge,927.44,-4.0,West
460,2025-01-12,Widget,2096.42,50.0,SouthEast
461,2025-01-01,Widgets,26.78,58.0,East
462,2025-01-09,Widget,454.3,,Unknown
463,2025-01-02,Gadgets,4857.11,,SouthEast
463,2025-01-09,Wdgt,4424.15,92.0,NorthWest
465,2025-01-11,Widget,1307.21,81.0,NorthWest
466,2025-01-02,Gadgets,109.7,47.0,NorthWest
466,2025-01-01,Wdgt,49500.54,91.0,Unknown
468,2025-01-14,Widgets,3974.38,10.0,Unknown
469,2025-01-01,Widget,252.3,33.0,West
470,2025-01-13,Widge,3266.94,25.0,SouthEast
470,2025-01-09,Gadget,98153.41,56.0,SouthWest
472,2025-01-XX,Gadgets,1558.82,9.0,Unknown
473,2025-01-07,Widge,2017.12,34.0,East
473,2025-01-XX,Widge,3689.99,98.0,NorthEast
474,2025-01-07,Widge,820.68,68.0,Unknown
475,2025-01-14,Gadgets,3973.17,71.0,West
477,2025-01-07,Gadgets,4727.24,43.0,West
478,2025-01-01,Wdgt,1362.63,9.0,NorthWest
478,2025-01-10,Widge,4478.32,69.0,East
480,2025-01-07,Gadgets,3650.81,40.0,SouthEast
481,2025-01-08,Widgets,157.25,65.0,SouthWest
482,2025-01-14,Gadget,2926.45,,NorthWest
482,2025-01-01,Widgets,26303.27,21.0,NorthEast
483,2025-01-10,Widgets,4381.62,,Unknown
485,2025-01-01,Wdgt,782.4,27.0,East
485,2025-01-11,Gadgets,1482.59,82.0,Unknown
486,2025-01-13,Widge,2259.58,46.0,Unknown
487,2025-01-03,Wdgt,29071.95,,East
489,2025-01-13,Gadget,4929.57,16.0,Unknown
490,2025-01-13,Widgets,184.89,,NorthEast
490,2025-01-16,Wdgt,1093.06,35.0,East
492,2025-01-04,Widget,2868.5,9.0,Unknown
493,2025-01-05,Gadget,4710.12,65.0,East
493,2025-01-01,Wdgt,2066.45,20.0,SouthEast
495,2025-01-13,Gadgets,525.5,19.0,SouthEast
496,2025-01-XX,Gadgets,1351.29,61.0,Unknown
496,2025-01-06,Wdgt,abc,66.0,NorthWest
498,2025-01-XX,Widget,4643.68,46.0,NorthEast
499,2025-01-04,Widgets,4285.75,,West
499,2025-01-05,Widge,775.15,84.0,NorthEast
501,2025-01-02,Widgets,4870.55,7.0,NorthEast
501,2025-01-10,Widget,4167.4,25.0,Unknown
502,2025-01-XX,Wdgt,107.22,-1.0,SouthEast
503,2025-01-03,Widget,3264.3,,SouthEast
504,2025-01-09,Gadgets,2118.1,52.0,Unknown
505,2025-01-06,Widge,134.17,85.0,Unknown
507,2025-01-XX,Gadgets,259.48,-4.0,West
507,2025-01-13,Wdgt,61.15,12.0,SouthEast
509,2025-01-12,Widgets,861.49,,West
510,2025-01-13,Gadgets,4949.54,60.0,NorthWest
511,2025-01-12,Gadget,1239.67,70.0,SouthWest
511,2025-01-05,Widget,3293.43,22.0,NorthWest
513,2025-01-07,Widgets,2554.04,88.0,NorthWest
513,2025-01-02,Gadget,302.91,82.0,NorthEast
514,2025-01-08,Gadgets,3046.61,26.0,East
515,2025-01-XX,Gadget,4060.91,51.0,NorthEast
516,2025-01-14,Gadgets,3651.86,60.0,SouthEast
517,2025-01-05,Gadgets,3084.72,88.0,NorthEast
518,2025-01-09,Wdgt,4501.88,80.0,NorthWest
520,2025-01-02,Wdgt,1153.89,89.0,Unknown
520,2025-01-11,Gadget,3629.82,11.0,West
522,2025-01-12,Widgets,3222.77,73.0,East
522,2025-01-09,Wdgt,abc,97.0,NorthWest
524,2025-01-12,Widgets,2548.69,17.0,NorthWest
525,2025-01-XX,Gadget,4055.93,26.0,SouthEast
526,2025-01-XX,Gadgets,1913.48,19.0,West
526,2025-01-08,Widget,77606.75,-1.0,West
528,2025-01-10,Gadgets,1709.69,73.0,NorthWest
528,2025-01-11,Wdgt,1959.06,26.0,East
530,2025-01-14,Wdgt,4730.04,38.0,SouthWest
531,2025-01-05,Widget,4793.24,23.0,NorthEast
531,2025-01-07,Widgets,3446.37,1.0,NorthEast
533,2025-01-04,Widge,3837.37,43.0,SouthWest
534,2025-01-07,Widget,58162.06,26.0,West
534,2025-01-03,Widge,1459.25,64.0,Unknown
535,2025-01-06,Widget,2335.56,45.0,NorthWest
536,2025-01-10,Widgets,3547.68,20.0,NorthEast
537,2025-01-11,Widgets,2037.91,85.0,East
538,2025-01-16,Widge,4154.42,-1.0,SouthEast
540,2025-01-05,Widget,6488.59,93.0,Unknown
541,2025-01-14,Widge,abc,43.0,NorthWest
542,2025-01-08,Gadget,4381.64,71.0,Unknown
543,2025-01-06,Widgets,522.48,0.0,West
544,2025-01-15,Widget,3212.19,,SouthEast
545,2025-01-05,Gadgets,2816.68,72.0,SouthWest
546,2025-01-10,Gadgets,2026.5,90.0,NorthWest
547,2025-01-16,Widge,1716.32,54.0,SouthWest
548,2025-01-03,Wdgt,4223.78,2.0,West
548,2025-01-08,Widge,354.64,10.0,NorthWest
550,2025-01-12,Gadget,2981.44,82.0,West
551,2025-01-07,Wdgt,2824.31,47.0,West
552,2025-01-05,Widge,2070.62,10.0,SouthWest
552,2025-01-13,Gadget,2309.0,49.0,NorthEast
553,2025-01-15,Gadget,4223.69,98.0,Unknown
554,2025-01-03,Gadgets,4151.04,34.0,SouthWest
555,2025-01-15,Gadget,3177.34,10.0,East
556,2025-01-06,Widgets,171.0,72.0,Unknown
558,2025-01-14,Widge,369.51,38.0,East
558,2025-01-04,Gadgets,2968.09,61.0,Unknown
560,2025-01-05,Widgets,74612.16,59.0,NorthEast
561,2025-01-16,Gadget,1178.1,67.0,East
561,2025-01-10,Widgets,4731.07,81.0,East
563,2025-01-13,Widgets,3629.17,-2.0,West
564,2025-01-05,Gadgets,4820.21,6.0,NorthWest
564,2025-01-04,Gadgets,537.6,49.0,NorthEast
566,2025-01-01,Widge,391.53,16.0,NorthEast
566,2025-01-01,Gadgets,3122.22,6.0,NorthEast
567,2025-01-XX,Widge,395.83,-1.0,East
569,2025-01-16,Widget,2645.35,46.0,SouthEast
570,2025-01-07,Widgets,316.27,54.0,NorthEast
570,2025-01-01,Wdgt,1948.55,21.0,NorthEast
571,2025-01-10,Widget,1535.83,79.0,East
573,2025-01-04,Gadgets,2374.25,,Unknown
574,2025-01-03,Wdgt,426.6,,SouthWest
575,2025-01-16,Gadget,3500.76,85.0,Unknown
576,2025-01-05,Gadgets,2562.65,25.0,West
576,2025-01-15,Widge,463.46,37.0,NorthWest
578,2025-01-16,Gadgets,176.79,4.0,West
579,2025-01-XX,Wdgt,1179.84,78.0,SouthWest
579,2025-01-07,Widgets,70.06,62.0,NorthWest
580,2025-01-XX,Widge,1658.56,49.0,SouthEast
582,2025-01-12,Wdgt,2419.81,37.0,NorthWest
582,2025-01-09,Widget,258.63,,SouthEast
584,2025-01-12,Widge,3404.18,54.0,NorthEast
585,2025-01-XX,Widgets,692.0,51.0,West
586,2025-01-11,Widgets,3946.24,49.0,Unknown
586,2025-01-13,Widgets,1117.8,76.0,NorthEast
587,2025-01-11,Widge,492.57,22.0,SouthWest
588,2025-01-11,Wdgt,3505.98,,Unknown
589,2025-01-10,Widget,3762.54,65.0,NorthEast
591,2025-01-15,Wdgt,80899.94,9.0,NorthEast
592,2025-01-06,Widget,84174.97,52.0,SouthWest
592,2025-01-XX,Gadget,286.72,35.0,West
593,2025-01-09,Widget,4416.45,100.0,Unknown
595,2025-01-09,Widge,3174.35,,NorthWest
595,2025-01-XX,Widge,4054.84,18.0,NorthWest
596,2025-01-04,Widgets,878.68,-3.0,NorthEast
597,2025-01-13,Widge,1530.31,19.0,East
599,2025-01-05,Gadgets,64.0,,NorthEast
599,2025-01-08,Widget,3978.9,99.0,SouthEast
600,2025-01-12,Widgets,1074.16,12.0,West
601,2025-01-14,Widgets,1137.16,93.0,East
603,2025-01-03,Wdgt,3582.26,23.0,East
603,2025-01-06,Widget,46833.5,62.0,NorthEast
605,2025-01-08,Gadget,1512.62,81.0,Unknown
605,2025-01-05,Widget,4383.0,26.0,NorthEast
607,2025-01-08,Gadget,2022.6,46.0,SouthEast
607,2025-01-11,Gadget,3351.04,0.0,SouthWest
608,2025-01-05,Widge,2589.15,86.0,East
610,2025-01-13,Widge,4656.08,13.0,SouthEast
611,2025-01-XX,Widge,601.05,,SouthWest
612,2025-01-16,Gadget,2232.96,11.0,West
612,2025-01-10,Widge,365.81,,SouthEast
614,2025-01-07,Wdgt,2018.55,-3.0,SouthEast
614,2025-01-13,Widget,1895.84,-4.0,Unknown
616,2025-01-12,Gadgets,4038.85,14.0,East
617,2025-01-08,Widgets,1699.59,75.0,SouthEast
618,2025-01-03,Widge,4939.16,69.0,NorthWest
619,2025-01-12,Gadget,1796.86,100.0,NorthEast
620,2025-01-14,Gadgets,605.11,39.0,West
621,2025-01-14,Widge,4326.01,84.0,Unknown
622,2025-01-02,Gadgets,1205.11,57.0,NorthEast
622,2025-01-09,Widgets,4677.92,61.0,Unknown
624,2025-01-10,Gadgets,1737.74,62.0,SouthWest
624,2025-01-09,Wdgt,1852.39,18.0,SouthWest
626,2025-01-12,Wdgt,4144.06,-1.0,West
626,2025-01-16,Widge,552.81,9.0,NorthEast
627,2025-01-03,Widge,3391.09,48.0,East
628,2025-01-04,Gadget,2790.59,60.0,NorthEast
629,2025-01-09,Gadgets,4404.26,28.0,Unknown
630,2025-01-16,Gadgets,611.1,79.0,SouthWest
631,2025-01-15,Widgets,812.56,89.0,SouthWest
632,2025-01-11,Wdgt,2799.51,46.0,NorthEast
633,2025-01-01,Widgets,3016.58,95.0,SouthWest
634,2025-01-16,Widget,4217.88,61.0,West
636,2025-01-01,Widgets,3663.02,87.0,NorthWest
637,2025-01-14,Widget,3804.37,91.0,SouthWest
638,2025-01-01,Widget,229.83,71.0,SouthWest
639,2025-01-03,Gadgets,abc,81.0,West
639,2025-01-01,Wdgt,4060.49,21.0,NorthEast
640,2025-01-11,Gadgets,4143.88,18.0,Unknown
641,2025-01-10,Gadget,291.28,99.0,NorthWest
642,2025-01-06,Gadgets,abc,35.0,NorthWest
644,2025-01-01,Widgets,183.11,33.0,NorthWest
644,2025-01-XX,Widget,4381.77,22.0,West
646,2025-01-11,Gadget,1678.02,88.0,East
647,2025-01-XX,Gadget,2188.3,88.0,NorthEast
647,2025-01-03,Widgets,1913.7,50.0,West
649,2025-01-10,Widgets,262.44,93.0,West
649,2025-01-10,Gadget,1969.39,9.0,NorthWest
650,2025-01-03,Widget,2373.05,20.0,West
651,2025-01-16,Widge,1902.45,47.0,NorthEast
653,2025-01-15,Widget,24831.9,59.0,NorthWest
653,2025-01-11,Widget,3679.89,53.0,NorthWest
654,2025-01-14,Wdgt,3517.08,28.0,NorthEast
655,2025-01-10,Gadgets,2543.14,71.0,West
657,2025-01-06,Wdgt,3119.93,11.0,East
658,2025-01-09,Widget,3765.36,26.0,SouthWest
659,2025-01-09,Widget,4019.81,59.0,Unknown
660,2025-01-06,Widgets,4825.19,100.0,SouthEast
661,2025-01-XX,Gadget,1285.57,33.0,Unknown
662,2025-01-01,Gadget,4228.23,59.0,SouthEast
662,2025-01-14,Widget,2811.32,,SouthWest
664,2025-01-08,Widge,abc,59.0,East
665,2025-01-11,Gadget,885.24,85.0,SouthWest
665,2025-01-02,Gadget,287.46,36.0,SouthEast
667,2025-01-XX,Gadget,1618.09,83.0,SouthEast
668,2025-01-09,Wdgt,4546.35,97.0,SouthWest
669,2025-01-10,Gadgets,3973.02,66.0,NorthWest
670,2025-01-15,Widgets,4941.91,,East
671,2025-01-10,Widget,abc,25.0,East
672,2025-01-05,Gadgets,2038.04,4.0,East
672,2025-01-09,Gadget,60324.05,31.0,NorthEast
674,2025-01-04,Gadgets,85583.84,60.0,West
674,2025-01-16,Wdgt,4452.82,94.0,SouthEast
675,2025-01-06,Widgets,2907.15,,SouthEast
676,2025-01-15,Gadgets,4435.62,72.0,West
678,2025-01-12,Widgets,4162.95,41.0,Unknown
678,2025-01-07,Widge,1284.8,41.0,SouthWest
680,2025-01-12,Widget,abc,,SouthWest
680,2025-01-XX,Gadgets,4072.28,-1.0,SouthWest
682,2025-01-11,Gadget,3880.22,17.0,West
683,2025-01-XX,Gadgets,1788.93,18.0,SouthEast
684,2025-01-05,Wdgt,2827.51,8.0,Unknown
685,2025-01-08,Widge,2129.84,54.0,NorthWest
686,2025-01-03,Widget,1336.69,4.0,Unknown
687,2025-01-13,Widgets,4053.53,67.0,East
687,2025-01-13,Widgets,531.55,,SouthEast
688,2025-01-02,Gadget,2742.95,24.0,Unknown
690,2025-01-12,Widgets,292.42,73.0,SouthWest
690,2025-01-01,Widge,4880.95,,West
692,2025-01-10,Widgets,187.61,65.0,East
693,2025-01-11,Gadgets,3549.97,88.0,East
694,2025-01-15,Gadget,1310.88,5.0,East
695,2025-01-06,Wdgt,4.34,18.0,NorthWest
695,2025-01-06,Widget,2203.12,28.0,Unknown
697,2025-01-04,Gadgets,3930.1,56.0,East
697,2025-01-03,Gadget,1384.51,94.0,SouthEast
698,2025-01-09,Gadgets,53550.94,98.0,NorthWest
699,2025-01-03,Widgets,2956.01,74.0,NorthWest
701,2025-01-04,Gadgets,4008.32,96.0,NorthWest
702,2025-01-05,Wdgt,638.79,,West
703,2025-01-XX,Widget,4406.66,74.0,NorthEast
704,2025-01-05,Widge,2565.25,37.0,NorthWest
704,2025-01-06,Widge,558.21,7.0,West
706,2025-01-14,Widget,2204.48,89.0,SouthEast
707,2025-01-12,Widgets,3731.59,-4.0,NorthEast
707,2025-01-09,Gadgets,29.96,93.0,NorthEast
709,2025-01-08,Gadget,2254.32,-1.0,Unknown
710,2025-01-16,Widge,2133.02,79.0,Unknown
711,2025-01-11,Gadgets,339.61,40.0,Unknown
711,2025-01-05,Widgets,271.66,,SouthEast
712,2025-01-02,Widge,672.87,11.0,NorthWest
714,2025-01-15,Gadget,1033.43,18.0,NorthEast
715,2025-01-12,Widgets,3767.44,36.0,NorthEast
715,2025-01-08,Widget,133.43,1.0,SouthEast
717,2025-01-01,Gadgets,3290.4,39.0,NorthWest
717,2025-01-03,Gadgets,2834.23,77.0,NorthEast
718,2025-01-13,Widge,1813.41,99.0,NorthWest
719,2025-01-10,Wdgt,705.59,13.0,West
720,2025-01-06,Gadgets,1303.34,72.0,NorthWest
721,2025-01-06,Widge,2315.9,83.0,NorthEast
722,2025-01-06,Widget,4055.53,85.0,SouthWest
724,2025-01-13,Widge,2255.24,25.0,Unknown
725,2025-01-09,Wdgt,4150.07,61.0,East
725,2025-01-12,Gadget,101.28,40.0,Unknown
726,2025-01-10,Gadgets,2574.86,59.0,NorthEast
727,2025-01-10,Widgets,1029.26,29.0,SouthEast
728,2025-01-06,Widge,3535.25,31.0,SouthWest
729,2025-01-11,Widget,918.39,71.0,West
730,2025-01-16,Gadget,1832.55,72.0,NorthEast
731,2025-01-05,Wdgt,2582.46,12.0,East
733,2025-01-01,Gadgets,3935.1,97.0,West
734,2025-01-XX,Widge,3139.38,23.0,West
734,2025-01-09,Gadgets,3032.7,95.0,NorthWest
735,2025-01-15,Gadget,2361.68,64.0,SouthEast
737,2025-01-11,Widgets,2339.06,38.0,NorthWest
738,2025-01-12,Wdgt,3400.96,28.0,West
739,2025-01-15,Widge,4130.06,75.0,West
739,2025-01-07,Widge,2600.86,23.0,SouthWest
740,2025-01-06,Widge,186.11,13.0,NorthEast
741,2025-01-16,Widgets,3773.58,64.0,NorthWest
742,2025-01-09,Widgets,165.02,31.0,Unknown
743,2025-01-02,Widge,2094.17,-1.0,NorthWest
745,2025-01-09,Widget,2159.93,31.0,NorthEast
745,2025-01-05,Widge,376.37,,SouthWest
746,2025-01-04,Gadget,804.58,-2.0,East
748,2025-01-09,Widget,1647.45,40.0,West
748,2025-01-04,Gadgets,1392.32,21.0,SouthEast
750,2025-01-01,Gadget,15423.45,,East
751,2025-01-06,Widgets,1314.5,69.0,NorthWest
751,2025-01-12,Widge,1215.27,4.0,East
753,2025-01-13,Widget,11985.78,96.0,East
754,2025-01-10,Widget,4093.71,55.0,NorthWest
755,2025-01-05,Widgets,4790.87,100.0,SouthEast
755,2025-01-03,Gadgets,3924.32,,SouthWest
756,2025-01-12,Widge,3286.93,78.0,West
757,2025-01-11,Widge,1136.95,18.0,NorthWest
758,2025-01-16,Widget,4847.36,11.0,SouthWest
759,2025-01-08,Widge,4498.78,68.0,SouthWest
761,2025-01-03,Widget,2976.28,0.0,NorthEast
762,2025-01-09,Gadget,168.41,72.0,NorthWest
762,2025-01-XX,Gadget,1315.71,97.0,NorthEast
764,2025-01-04,Widgets,4683.75,46.0,Unknown
765,2025-01-04,Wdgt,964.65,12.0,SouthWest
765,2025-01-05,Widge,662.54,-4.0,NorthEast
767,2025-01-07,Gadgets,abc,54.0,SouthWest
767,2025-01-09,Wdgt,2858.28,64.0,SouthWest
769,2025-01-03,Wdgt,2979.62,40.0,SouthWest
770,2025-01-07,Widge,3059.96,30.0,NorthEast
771,2025-01-16,Widge,408.63,95.0,SouthEast
771,2025-01-04,Wdgt,228.01,,NorthEast
772,2025-01-01,Widge,2829.25,6.0,NorthEast
774,2025-01-05,Wdgt,430.24,-2.0,NorthEast
774,2025-01-15,Gadgets,3434.77,47.0,NorthWest
775,2025-01-10,Widgets,4956.08,11.0,NorthEast
776,2025-01-13,Gadgets,1442.83,68.0,Unknown
778,2025-01-16,Gadget,4744.58,82.0,SouthWest
779,2025-01-07,Gadget,813.52,5.0,East
779,2025-01-11,Gadgets,69.37,86.0,East
781,2025-01-01,Gadget,698.82,61.0,Unknown
782,2025-01-08,Widge,abc,12.0,West
783,2025-01-16,Widgets,1260.76,,East
784,2025-01-16,Widge,2502.17,17.0,NorthWest
784,2025-01-06,Widgets,3698.28,37.0,NorthEast
785,2025-01-09,Widget,4012.7,37.0,West
786,2025-01-04,Widget,4863.85,51.0,SouthEast
787,2025-01-XX,Widgets,4335.94,53.0,East
789,2025-01-12,Wdgt,4105.18,44.0,East
790,2025-01-XX,Widgets,948.03,,SouthEast
791,2025-01-11,Widge,3968.2,,West
792,2025-01-12,Widge,3952.53,85.0,NorthEast
792,2025-01-14,Gadgets,258.0,86.0,NorthWest
793,2025-01-12,Widge,2717.16,13.0,West
795,2025-01-16,Widgets,2390.13,79.0,NorthEast
795,2025-01-02,Widget,1532.0,83.0,East
796,2025-01-09,Widgets,3091.24,53.0,Unknown
798,2025-01-15,Gadgets,203.46,24.0,SouthWest
799,2025-01-16,Gadget,4783.59,-5.0,Unknown
799,2025-01-XX,Widgets,856.79,12.0,East
801,2025-01-07,Widge,659.53,21.0,SouthEast
802,2025-01-07,Widge,abc,14.0,East
802,2025-01-04,Wdgt,2137.71,,SouthEast
803,2025-01-06,Wdgt,43178.38,21.0,NorthWest
805,2025-01-15,Widget,3870.43,14.0,West
805,2025-01-10,Gadgets,57.55,24.0,SouthEast
807,2025-01-XX,Wdgt,4985.73,43.0,Unknown
808,2025-01-05,Gadget,2466.47,63.0,East
809,2025-01-02,Widge,412.31,,NorthWest
810,2025-01-XX,Widge,2751.22,62.0,NorthWest
810,2025-01-01,Gadget,73118.15,11.0,Unknown
811,2025-01-03,Gadgets,895.94,-1.0,SouthWest
812,2025-01-10,Wdgt,2174.78,44.0,East
813,2025-01-04,Gadgets,1984.76,100.0,Unknown
815,2025-01-03,Widgets,45.89,39.0,Unknown
815,2025-01-01,Wdgt,2945.8,91.0,SouthEast
817,2025-01-13,Gadget,2404.11,26.0,NorthWest
818,2025-01-05,Gadgets,3318.83,52.0,SouthEast
819,2025-01-11,Widgets,318.74,82.0,Unknown
820,2025-01-09,Widget,3340.81,99.0,SouthWest
820,2025-01-08,Gadgets,3368.98,44.0,NorthEast
821,2025-01-07,Gadget,3854.12,42.0,East
822,2025-01-14,Widget,4183.59,67.0,SouthWest
824,2025-01-12,Widgets,1765.56,82.0,East
825,2025-01-10,Gadget,3431.45,-2.0,SouthEast
826,2025-01-07,Widget,4023.55,7.0,NorthWest
827,2025-01-01,Gadgets,1254.46,83.0,SouthWest
827,2025-01-16,Wdgt,1737.97,16.0,NorthEast
828,2025-01-03,Widgets,3607.76,30.0,SouthEast
829,2025-01-13,Gadgets,4405.34,84.0,Unknown
831,2025-01-08,Widge,1856.06,35.0,West
831,2025-01-02,Widgets,4894.06,84.0,SouthEast
833,2025-01-08,Gadget,2339.1,22.0,NorthWest
834,2025-01-16,Widgets,2126.62,53.0,West
835,2025-01-05,Gadgets,1813.62,64.0,West
836,2025-01-09,Wdgt,3287.65,14.0,West
836,2025-01-11,Widgets,4113.93,9.0,Unknown
838,2025-01-04,Gadget,4324.79,53.0,NorthWest
838,2025-01-14,Widget,3208.99,99.0,West
839,2025-01-14,Widgets,1311.13,50.0,East
840,2025-01-01,Widget,4965.29,30.0,NorthWest
842,2025-01-13,Gadgets,3621.02,,SouthWest
842,2025-01-13,Widge,1974.36,17.0,NorthWest
844,2025-01-14,Widgets,4930.17,86.0,SouthWest
844,2025-01-15,Widge,2621.83,30.0,SouthEast
845,2025-01-02,Gadgets,89072.38,,SouthEast
847,2025-01-09,Widge,2285.55,,West
847,2025-01-07,Widgets,565.65,0.0,SouthWest
848,2025-01-03,Gadgets,2618.21,99.0,Unknown
849,2025-01-16,Gadgets,4071.89,71.0,East
851,2025-01-04,Gadgets,4428.95,,SouthWest
851,2025-01-11,Wdgt,3661.16,6.0,NorthEast
852,2025-01-09,Widgets,1945.57,52.0,SouthEast
854,2025-01-03,Widge,3562.37,62.0,NorthEast
855,2025-01-03,Widget,54303.29,43.0,West
855,2025-01-09,Widge,507.81,51.0,SouthWest
856,2025-01-15,Wdgt,796.65,94.0,West
857,2025-01-01,Widget,4694.73,92.0,SouthEast
858,2025-01-09,Wdgt,786.85,9.0,SouthWest
860,2025-01-12,Widge,2458.17,31.0,Unknown
861,2025-01-13,Widgets,4953.84,-5.0,NorthWest
862,2025-01-05,Gadget,2054.28,-5.0,SouthWest
862,2025-01-08,Gadgets,1412.21,-4.0,SouthEast
864,2025-01-07,Wdgt,3786.97,27.0,SouthWest
865,2025-01-12,Widge,4196.89,68.0,NorthEast
866,2025-01-03,Gadget,1397.05,40.0,East
867,2025-01-14,Wdgt,3852.9,93.0,SouthWest
867,2025-01-07,Wdgt,3281.99,67.0,SouthWest
869,2025-01-02,Gadgets,2609.47,,West
870,2025-01-04,Wdgt,abc,33.0,SouthWest
870,2025-01-01,Wdgt,2170.94,,NorthWest
871,2025-01-15,Widgets,766.1,40.0,West
872,2025-01-14,Gadgets,1226.03,,SouthWest
874,2025-01-14,Gadget,771.01,13.0,Unknown
874,2025-01-06,Wdgt,4600.13,11.0,Unknown
875,2025-01-16,Widge,3756.45,86.0,East
876,2025-01-07,Gadgets,1330.7,78.0,West
877,2025-01-05,Gadgets,3995.46,37.0,NorthEast
879,2025-01-15,Gadget,abc,41.0,SouthEast
880,2025-01-XX,Widget,1183.46,96.0,East
880,2025-01-16,Widget,2749.94,37.0,SouthWest
881,2025-01-15,Gadget,385.47,93.0,East
883,2025-01-03,Widge,2318.42,86.0,Unknown
883,2025-01-02,Widget,2553.05,62.0,SouthWest
884,2025-01-04,Gadgets,3397.37,41.0,SouthEast
886,2025-01-09,Gadget,3375.62,94.0,SouthEast
887,2025-01-13,Wdgt,2657.21,-5.0,Unknown
887,2025-01-03,Gadgets,29.23,46.0,NorthWest
888,2025-01-15,Widget,1118.3,99.0,SouthWest
889,2025-01-01,Widget,2011.28,77.0,NorthWest
890,2025-01-06,Widge,1944.84,74.0,SouthWest
891,2025-01-10,Widge,2279.3,23.0,SouthEast
892,2025-01-05,Widgets,514.85,52.0,NorthWest
894,2025-01-03,Wdgt,2839.94,,Unknown
895,2025-01-10,Widgets,4939.13,38.0,SouthWest
896,2025-01-XX,Gadgets,4377.29,33.0,Unknown
896,2025-01-06,Gadget,abc,40.0,SouthEast
897,2025-01-16,Widgets,60680.94,94.0,SouthEast
898,2025-01-07,Gadget,abc,50.0,Unknown
900,2025-01-13,Widgets,2032.09,56.0,East
900,2025-01-03,Widgets,1261.08,81.0,Unknown
901,2025-01-06,Widge,4762.19,33.0,West
903,2025-01-11,Widgets,3187.48,78.0,Unknown
903,2025-01-15,Wdgt,3232.44,,West
905,2025-01-14,Widge,3544.27,79.0,NorthEast
905,2025-01-12,Widget,32315.74,79.0,NorthWest
906,2025-01-02,Wdgt,4567.69,46.0,Unknown
908,2025-01-01,Widget,2268.8,31.0,West
908,2025-01-14,Gadget,4881.1,18.0,SouthEast
909,2025-01-14,Gadget,2970.82,55.0,Unknown
911,2025-01-04,Widge,abc,0.0,SouthWest
911,2025-01-01,Widget,2263.63,1.0,NorthEast
912,2025-01-16,Wdgt,4140.56,44.0,West
913,2025-01-01,Widget,1821.59,3.0,West
915,2025-01-04,Widget,1517.96,,SouthEast
915,2025-01-02,Gadget,4686.33,33.0,SouthWest
916,2025-01-10,Gadgets,3765.61,54.0,NorthEast
918,2025-01-04,Widgets,93415.87,65.0,SouthWest
919,2025-01-03,Gadgets,4336.53,89.0,SouthWest
919,2025-01-XX,Widgets,4854.95,65.0,NorthEast
920,2025-01-09,Gadget,2007.52,67.0,NorthEast
921,2025-01-05,Widget,1006.87,,SouthWest
923,2025-01-05,Gadget,2146.05,71.0,West
924,2025-01-16,Widgets,3266.59,71.0,SouthEast
925,2025-01-16,Widgets,784.1,36.0,West
925,2025-01-15,Wdgt,3957.09,0.0,SouthEast
927,2025-01-03,Gadgets,3171.93,41.0,Unknown
928,2025-01-XX,Gadget,2346.94,,East
929,2025-01-16,Wdgt,1154.96,37.0,SouthEast
929,2025-01-04,Gadget,4314.88,73.0,SouthEast
930,2025-01-14,Widgets,115.37,67.0,Unknown
931,2025-01-12,Gadgets,1264.07,62.0,East
932,2025-01-06,Widge,545.51,26.0,SouthEast
934,2025-01-07,Widgets,344.15,9.0,Unknown
935,2025-01-16,Widgets,2653.83,5.0,SouthEast
935,2025-01-02,Widget,4544.19,-3.0,NorthWest
937,2025-01-11,Wdgt,1917.52,59.0,East
938,2025-01-16,Gadget,1282.18,15.0,NorthWest
938,2025-01-06,Gadgets,2062.97,86.0,SouthEast
939,2025-01-08,Widgets,1298.81,41.0,NorthEast
940,2025-01-02,Widge,2772.91,10.0,West
942,2025-01-15,Wdgt,1003.12,-4.0,SouthEast
943,2025-01-16,Gadgets,4274.82,12.0,East
943,2025-01-16,Wdgt,2744.68,49.0,SouthEast
944,2025-01-01,Gadget,3840.72,31.0,West
946,2025-01-01,Gadgets,4341.05,,East
946,2025-01-12,Gadgets,912.44,6.0,NorthEast
948,2025-01-11,Wdgt,abc,-5.0,NorthEast
949,2025-01-08,Widgets,4044.71,9.0,SouthEast
950,2025-01-06,Widgets,2862.25,22.0,SouthWest
951,2025-01-02,Wdgt,869.49,,Unknown
952,2025-01-07,Gadgets,1510.91,11.0,NorthEast
952,2025-01-01,Gadgets,abc,8.0,NorthEast
954,2025-01-05,Gadget,abc,6.0,Unknown
955,2025-01-06,Widge,10.66,46.0,East
956,2025-01-03,Widgets,1860.85,20.0,NorthWest
956,2025-01-04,Widget,2398.12,-5.0,SouthWest
957,2025-01-15,Widget,2610.28,51.0,East
958,2025-01-03,Widge,4658.71,,West
960,2025-01-16,Widget,2860.18,80.0,Unknown
961,2025-01-15,Wdgt,2914.57,27.0,NorthEast
962,2025-01-07,Widge,3172.98,52.0,East
962,2025-01-01,Widge,1304.78,95.0,West
964,2025-01-01,Gadget,1159.85,64.0,West
964,2025-01-05,Widgets,abc,6.0,West
965,2025-01-02,Gadgets,1202.08,80.0,SouthWest
967,2025-01-15,Gadgets,4100.34,-5.0,East
968,2025-01-02,Gadgets,289.03,7.0,NorthWest
969,2025-01-06,Widge,1237.1,10.0,NorthWest
970,2025-01-14,Gadgets,2313.0,79.0,West
971,2025-01-01,Widgets,1306.55,94.0,SouthEast
972,2025-01-13,Gadgets,916.64,98.0,SouthEast
973,2025-01-10,Widget,252.08,18.0,NorthEast
973,2025-01-06,Gadget,4932.38,72.0,SouthWest
975,2025-01-16,Wdgt,abc,52.0,NorthEast
976,2025-01-07,Wdgt,1607.15,95.0,SouthEast
977,2025-01-XX,Widge,510.13,59.0,NorthWest
977,2025-01-02,Widgets,2679.7,62.0,NorthEast
979,2025-01-08,Widgets,3888.2,8.0,NorthWest
979,2025-01-15,Gadgets,81.36,0.0,SouthWest
980,2025-01-10,Gadget,abc,80.0,SouthWest
982,2025-01-07,Wdgt,1393.83,53.0,SouthWest
983,2025-01-05,Gadget,3604.55,57.0,SouthEast
984,2025-01-06,Widge,4145.33,78.0,NorthEast
984,2025-01-07,Gadgets,4459.01,63.0,SouthEast
985,2025-01-10,Wdgt,4849.37,91.0,East
987,2025-01-13,Widge,4748.36,91.0,Unknown
987,2025-01-04,Widge,3327.69,93.0,NorthWest
989,2025-01-15,Widget,668.1,21.0,East
989,2025-01-02,Widget,1093.93,80.0,SouthWest
990,2025-01-10,Gadget,3917.54,19.0,NorthWest
992,2025-01-12,Widgets,2219.83,,Unknown
992,2025-01-08,Wdgt,4312.36,21.0,NorthWest
994,2025-01-06,Wdgt,1601.99,64.0,NorthWest
995,2025-01-15,Gadget,1772.95,64.0,Unknown
996,2025-01-03,Widge,2334.23,92.0,Unknown
997,2025-01-XX,Widge,1351.31,-1.0,SouthEast
997,2025-01-07,Widget,877.73,65.0,SouthWest
998,2025-01-10,Gadget,3530.46,21.0,NorthWest
